user_id,country,age,gender,subscription_type,avg_listening_hours_per_week,total_songs_played,skip_rate,satisfaction_score,churned,monthly_fee,join_date,skip_rate_pct,tenure_days
U1403,Nepal,23,female,premium,11.5,510,5%,2.0,0,7.99,2024-03-21,5.0,614.0
U1165,Nepal,63,male,student,11.3,526,5%,3.0,0,0.0,2023-08-10,5.0,838.0
U1474,Usa,45,female,premium,2.0,476,30%,3.0,0,7.99,2022-04-05,30.0,1330.0
U1478,Nigeria,16,female,family,12.1,529,20%,5.0,1,12.99,2023-12-16,20.0,710.0
U1609,Ghana,29,male,free,6.4,477,0.2,3.0,0,7.99,2022-03-28,20.0,1338.0
U1691,United Kingdom,16,female,student,11.0,548,30%,3.0,0,9.99,2022-04-25,30.0,1310.0
U1262,Nigeria,59,unknown,free,7.4,502,25%,1.0,1,9.99,,25.0,978.0
U1490,United Kingdom,57,female,premium,11.3,476,30%,3.0,0,7.99,2022-01-12,30.0,1413.0
U1514,Ind,23,female,student,21.5,514,15%,3.0,0,9.99,2022-12-02,15.0,1089.0
U1412,Usa,41,male,premium,7.5,494,0.2,1.0,0,7.99,2022-10-24,20.0,1128.0
U1503,Nigeria,39,male,family,18.7,482,0.2,5.0,0,5.0,,20.0,978.0
U1158,Kenya,64,male,student,7.6,440,10%,5.0,0,7.99,2022-09-05,10.0,1177.0
U1387,United Kingdom,49,female,free,11.2,508,10%,5.0,1,9.99,2022-05-02,10.0,1303.0
U1120,Ghana,46,male,student,11.2,509,0.2,5.0,1,9.99,2023-02-15,20.0,1014.0
U1258,Usa,59,female,premium,3.7,507,30%,4.0,1,7.99,,30.0,978.0
U1574,Ghana,38,female,family,1.5,458,5%,1.0,1,7.99,2023-09-17,5.0,800.0
U1149,Nigeria,50,male,free,11.8,527,5%,2.0,0,7.99,2024-06-29,5.0,514.0
U1508,Uk,48,female,family,8.7,511,30%,4.0,1,0.0,2022-09-18,30.0,1164.0
U1304,Nepal,18,female,family,9.5,454,10%,1.0,0,9.99,2024-10-06,10.0,415.0
U1107,South Africa,33,unknown,premium,14.6,512,30%,2.0,0,0.0,2023-02-03,30.0,1026.0
U1568,Nigeria,33,unknown,premium,11.0,522,20%,3.0,1,7.99,,20.0,978.0
U1116,Ind,13,male,student,10.4,478,5%,3.0,0,9.99,,5.0,978.0
U1424,U.K.,26,female,student,9.5,498,10%,3.0,0,9.99,2022-11-10,10.0,1111.0
U1038,United Kingdom,48,male,free,6.7,485,15%,2.0,0,9.99,2023-02-21,15.0,1008.0
U1649,Kenya,16,female,family,4.5,482,ten,1.0,0,7.99,2023-09-09,20.0,808.0
U1347,Nepal,20,male,family,10.5,478,20%,4.0,0,12.99,2022-09-28,20.0,1154.0
U1129,Kenya,24,female,family,7.8,486,30%,3.0,0,12.99,2022-09-01,30.0,1181.0
U1161,India,36,female,free,9.2,481,10%,3.0,0,7.99,2022-09-27,10.0,1155.0
U1432,Nigeria,52,female,free,8.0,496,25%,1.0,0,7.99,2022-11-12,25.0,1109.0
U1097,Usa,17,male,family,7.8,473,25%,1.0,0,5.0,2023-09-22,25.0,795.0
U1673,Usa,20,female,student,15.2,517,10%,1.0,0,5.0,2024-05-21,10.0,553.0
U1561,Nigeria,58,male,premium,7.5,524,0.1,1.0,1,7.99,2023-05-18,10.0,922.0
U1033,Brazil,24,male,student,10.9,500,5%,2.0,0,5.0,,5.0,978.0
U1150,Nigeria,62,male,premium,12.8,459,30%,5.0,0,7.99,,30.0,978.0
U1452,Nepal,63,male,family,10.7,528,20%,4.0,0,7.99,,20.0,978.0
U1382,U.K.,25,other,premium,9.0,442,20%,5.0,0,9.99,,20.0,978.0
U1340,United Kingdom,61,other,student,6.9,519,15%,2.0,1,12.99,,15.0,978.0
U1086,Usa,46,female,family,10.5,520,ten,3.0,0,5.0,2023-04-13,20.0,957.0
U1021,Usa,43,male,family,12.3,535,ten,5.0,1,9.99,,20.0,978.0
U1136,Brazil,60,female,family,3.7,482,30%,3.0,0,7.99,2023-02-03,30.0,1026.0
U1173,Usa,29,male,family,12.5,475,10%,4.0,1,7.99,,10.0,978.0
U1615,India,40,male,premium,7.7,493,20%,2.0,0,7.99,2022-07-09,20.0,1235.0
U1543,Usa,54,male,family,6.7,542,20%,5.0,0,9.99,2024-02-07,20.0,657.0
U1247,U.K.,40,other,family,3.2,507,ten,3.0,0,12.99,2022-07-09,20.0,1235.0
U1133,Usa,42,other,student,14.4,491,5%,1.0,0,9.99,2023-05-08,5.0,932.0
U1373,Ind,45,female,student,13.3,530,20%,4.0,0,7.99,2023-12-05,20.0,721.0
U1511,Nigeria,39,unknown,free,10.7,531,25%,2.0,1,9.99,,25.0,978.0
U1618,Ind,19,male,student,10.0,472,ten,1.0,0,7.99,2022-09-24,20.0,1158.0
U1281,Nigeria,25,unknown,family,4.5,483,10%,3.0,0,7.99,2023-01-09,10.0,1051.0
U1454,United Kingdom,63,female,free,11.3,492,10%,1.0,0,9.99,2022-09-09,10.0,1173.0
U1283,Kenya,37,male,student,7.1,490,0.2,3.0,0,0.0,2022-02-18,20.0,1376.0
U1006,Nigeria,33,other,student,4.6,518,30%,3.0,0,9.99,,30.0,978.0
U1616,United Kingdom,52,unknown,family,9.8,507,0.2,3.0,0,7.99,2022-03-20,20.0,1346.0
U1308,India,57,other,free,4.4,513,0.2,1.0,0,7.99,2022-03-11,20.0,1355.0
U1201,South Africa,41,unknown,family,3.0,529,20%,3.0,0,7.99,2023-08-08,20.0,840.0
U1096,Usa,43,female,premium,1.5,520,25%,5.0,0,12.99,,25.0,978.0
U1386,Nigeria,13,male,free,11.0,510,0.2,2.0,0,9.99,2024-01-22,20.0,673.0
U1034,Brazil,36,female,student,8.9,471,10%,4.0,0,0.0,,10.0,978.0
U1044,Ind,49,male,premium,12.5,532,ten,5.0,0,0.0,2023-11-08,20.0,748.0
U1694,Usa,33,female,family,14.8,488,30%,3.0,0,9.99,,30.0,978.0
U1686,Usa,26,other,student,15.8,494,25%,2.0,0,7.99,2023-04-25,25.0,945.0
U1429,Ghana,54,unknown,free,6.0,480,0.2,2.0,0,9.99,2024-08-01,20.0,481.0
U1484,Ind,45,female,student,10.4,479,10%,3.0,0,12.99,,10.0,978.0
U1426,Kenya,16,female,premium,10.2,523,30%,4.0,0,7.99,,30.0,978.0
U1695,Uk,26,other,free,15.5,504,0.1,5.0,1,0.0,,10.0,978.0
U1390,U.K.,21,male,free,11.3,506,0.2,3.0,0,9.99,2022-08-05,20.0,1208.0
U1152,United Kingdom,30,unknown,family,7.0,494,0.2,3.0,1,9.99,2022-07-11,20.0,1233.0
U1378,Ind,35,unknown,premium,7.3,526,30%,4.0,1,7.99,2023-03-10,30.0,991.0
U1074,Nepal,44,female,student,7.5,494,ten,3.0,0,12.99,,20.0,978.0
U1335,United Kingdom,40,male,family,10.4,490,0.1,3.0,0,5.0,,10.0,978.0
U1551,Usa,52,female,premium,7.3,516,30%,3.0,1,0.0,,30.0,978.0
U1565,Ghana,63,unknown,premium,15.8,463,30%,3.0,0,7.99,2024-07-01,30.0,512.0
U1487,Ind,43,male,family,10.2,474,5%,4.0,0,7.99,2023-02-23,5.0,1006.0
U1670,Nepal,15,male,family,9.9,485,25%,4.0,1,5.0,2023-07-02,25.0,877.0
U1685,India,36,female,premium,17.5,490,30%,3.0,0,5.0,,30.0,978.0
U1242,Uk,27,unknown,family,7.8,525,15%,5.0,1,7.99,2022-09-06,15.0,1176.0
U1466,Nigeria,45,male,student,13.3,504,20%,3.0,0,0.0,2022-04-25,20.0,1310.0
U1180,Usa,25,female,premium,10.2,542,0.1,5.0,0,0.0,2022-12-11,10.0,1080.0
U1094,Ghana,29,male,student,15.8,481,0.2,5.0,0,5.0,2024-08-17,20.0,465.0
U1410,Ghana,52,female,premium,9.5,513,5%,5.0,0,9.99,2023-09-04,5.0,813.0
U1079,Nigeria,38,female,student,13.8,519,0.1,2.0,0,9.99,2023-04-10,10.0,960.0
U1250,Brazil,36,female,student,19.3,530,15%,2.0,0,7.99,2023-02-10,15.0,1019.0
U1407,Nigeria,47,male,family,0.2,511,5%,1.0,0,0.0,2022-11-06,5.0,1115.0
U1041,India,62,other,free,10.3,466,15%,1.0,0,7.99,,15.0,978.0
U1632,Nigeria,42,female,free,12.6,497,10%,3.0,1,7.99,2022-06-04,10.0,1270.0
U1656,U.K.,22,female,family,7.8,505,5%,3.0,1,9.99,2023-02-06,5.0,1023.0
U1211,Usa,34,female,premium,5.9,489,10%,2.0,0,9.99,,10.0,978.0
U1611,Usa,53,unknown,premium,4.1,503,0.1,4.0,0,9.99,,10.0,978.0
U1356,Ind,31,male,premium,5.1,495,10%,5.0,0,5.0,2022-12-09,10.0,1082.0
U1583,Uk,19,male,free,14.2,512,ten,3.0,0,7.99,2022-05-07,20.0,1298.0
U1313,Nepal,33,female,family,11.7,469,20%,3.0,0,9.99,2024-08-04,20.0,478.0
U1617,Nigeria,61,male,premium,4.3,482,0.1,3.0,0,9.99,,10.0,978.0
U1205,Ghana,31,male,free,4.4,486,30%,3.0,1,9.99,2022-05-01,30.0,1304.0
U1365,Ind,26,female,family,16.8,513,15%,4.0,0,9.99,2024-08-07,15.0,475.0
U1567,India,27,female,premium,1.3,480,0.2,1.0,0,7.99,,20.0,978.0
U1249,Nepal,26,male,student,12.9,464,20%,2.0,0,5.0,2022-07-31,20.0,1213.0
U1292,Usa,59,female,premium,8.5,525,10%,3.0,0,7.99,,10.0,978.0
U1689,Kenya,55,male,family,15.0,534,ten,4.0,1,0.0,2022-12-19,20.0,1072.0
U1453,India,51,female,premium,15.5,502,ten,2.0,0,9.99,2022-12-15,20.0,1076.0
U1434,Nepal,51,female,family,7.5,487,30%,3.0,0,9.99,2022-11-26,30.0,1095.0
U1376,Uk,22,male,family,8.7,533,0.1,2.0,1,12.99,2022-05-02,10.0,1303.0
,Uk,50,female,student,0.9,533,10%,4.0,0,0.0,2022-05-07,10.0,1298.0
U1448,Usa,14,male,premium,5.2,523,0.2,4.0,0,0.0,,20.0,978.0
U1489,Kenya,48,female,premium,15.8,493,0.2,5.0,1,5.0,2023-12-10,20.0,716.0
U1196,Ind,37,male,premium,14.1,528,5%,2.0,1,7.99,2022-01-03,5.0,1422.0
U1187,Ghana,35,male,premium,10.4,513,0.2,3.0,1,0.0,2022-10-01,20.0,1151.0
U1169,Ghana,16,male,family,9.3,534,ten,3.0,1,5.0,,20.0,978.0
U1028,Nigeria,22,female,premium,4.1,512,ten,3.0,0,7.99,2023-10-30,20.0,757.0
U1552,U.K.,53,other,free,10.7,510,0.2,3.0,0,7.99,2022-12-30,20.0,1061.0
U1683,Usa,47,male,family,8.3,500,5%,3.0,0,9.99,2023-11-18,5.0,738.0
U1653,U.K.,51,female,student,14.5,491,10%,3.0,0,12.99,2022-07-21,10.0,1223.0
U1675,Kenya,49,unknown,student,5.8,507,0.1,3.0,0,7.99,,10.0,978.0
U1597,United Kingdom,36,female,student,13.9,525,0.1,3.0,0,5.0,2023-08-05,10.0,843.0
U1114,Uk,25,male,student,4.0,484,ten,5.0,0,5.0,2022-05-24,20.0,1281.0
U1624,Brazil,63,female,family,1.0,503,10%,5.0,1,9.99,2023-11-06,10.0,750.0
U1144,Nigeria,23,other,student,17.3,490,ten,3.0,0,12.99,,20.0,978.0
U1505,Ind,63,female,premium,13.9,493,0.2,2.0,0,7.99,2023-04-18,20.0,952.0
U1652,Ghana,41,female,student,11.5,474,25%,3.0,0,7.99,,25.0,978.0
U1602,Ghana,34,female,family,5.2,487,10%,3.0,0,5.0,,10.0,978.0
U1266,Kenya,47,other,family,15.2,483,5%,3.0,0,7.99,2022-05-27,5.0,1278.0
U1575,Ind,53,other,student,6.8,469,15%,5.0,0,5.0,2022-02-25,15.0,1369.0
U1411,South Africa,34,male,family,1.2,502,10%,5.0,1,7.99,2024-04-04,10.0,600.0
U1310,Uk,49,female,student,3.3,494,15%,3.0,0,7.99,2023-07-23,15.0,856.0
U1011,South Africa,48,female,family,13.5,468,0.2,1.0,0,9.99,2023-10-02,20.0,785.0
U1513,Nepal,32,male,premium,13.1,561,30%,5.0,0,9.99,2023-02-23,30.0,1006.0
U1153,Kenya,42,female,premium,3.6,525,15%,4.0,0,9.99,,15.0,978.0
U1219,Uk,58,male,student,6.2,571,0.2,4.0,1,7.99,2022-03-23,20.0,1343.0
U1546,Uk,43,male,free,14.2,489,30%,4.0,0,5.0,2023-07-22,30.0,857.0
U1341,Nepal,42,male,premium,13.0,457,0.1,3.0,0,9.99,2022-04-01,10.0,1334.0
U1260,India,58,female,student,2.9,458,10%,3.0,0,5.0,,10.0,978.0
U1343,Nepal,63,female,free,7.4,517,30%,4.0,0,12.99,2023-09-05,30.0,812.0
U1530,Usa,37,unknown,student,12.4,531,0.1,2.0,0,9.99,,10.0,978.0
U1126,U.K.,46,female,family,13.4,526,25%,1.0,0,7.99,,25.0,978.0
U1633,Nigeria,28,female,student,0.2,529,25%,3.0,1,0.0,,25.0,978.0
U1591,Ind,63,female,premium,12.4,543,ten,2.0,0,12.99,2024-12-08,20.0,352.0
U1496,Ghana,17,other,student,17.4,475,25%,5.0,0,7.99,2022-03-24,25.0,1342.0
U1674,Nepal,59,male,free,2.8,455,0.1,5.0,0,7.99,,10.0,978.0
U1566,Kenya,52,female,free,15.9,499,30%,3.0,0,5.0,2022-02-23,30.0,1371.0
U1394,Brazil,50,male,free,4.1,541,0.1,2.0,0,7.99,2024-02-12,10.0,652.0
U1170,Ind,22,other,family,14.4,493,25%,3.0,1,9.99,,25.0,978.0
U1192,Nepal,20,female,student,6.9,482,0.2,4.0,1,7.99,2022-08-21,20.0,1192.0
U1178,Nigeria,18,male,premium,14.1,466,25%,3.0,0,12.99,,25.0,978.0
U1232,Ind,55,other,student,6.9,512,20%,3.0,0,7.99,2024-03-15,20.0,620.0
U1352,Ind,17,unknown,free,9.7,474,30%,3.0,0,9.99,2022-10-20,30.0,1132.0
U1031,Ghana,20,male,student,16.6,501,20%,2.0,0,5.0,,20.0,978.0
U1035,Nigeria,40,female,premium,11.0,452,ten,2.0,0,9.99,2022-09-26,20.0,1156.0
U1428,United Kingdom,57,female,family,11.9,493,10%,5.0,1,12.99,2023-11-18,10.0,738.0
U1396,U.K.,42,male,family,10.2,510,30%,1.0,0,7.99,2024-07-02,30.0,511.0
U1414,Kenya,23,female,student,12.7,539,15%,5.0,0,9.99,2024-07-07,15.0,506.0
U1593,Uk,37,male,student,6.5,494,0.1,5.0,0,7.99,,10.0,978.0
U1177,Brazil,46,male,family,9.6,514,30%,5.0,0,9.99,,30.0,978.0
U1370,Ind,25,unknown,free,3.9,513,ten,3.0,0,7.99,,20.0,978.0
U1194,Brazil,52,female,premium,8.7,566,20%,4.0,0,9.99,,20.0,978.0
U1322,U.K.,36,other,family,8.5,523,0.1,1.0,0,7.99,2023-04-25,10.0,945.0
U1636,Ind,30,unknown,free,17.9,496,0.2,3.0,0,0.0,2024-07-07,20.0,506.0
U1128,Kenya,62,female,free,7.7,511,0.2,2.0,0,7.99,2022-10-06,20.0,1146.0
U1389,South Africa,29,female,family,10.0,508,25%,4.0,0,9.99,,25.0,978.0
U1353,Uk,18,male,student,6.3,514,15%,4.0,0,7.99,2023-04-02,15.0,968.0
U1470,Nigeria,39,other,premium,5.4,473,30%,1.0,0,7.99,2024-01-02,30.0,693.0
U1140,Ind,49,male,student,13.2,476,5%,2.0,0,7.99,2024-05-01,5.0,573.0
U1020,South Africa,27,unknown,student,8.1,541,5%,3.0,0,12.99,2022-04-18,5.0,1317.0
U1699,Nepal,19,female,family,7.3,519,ten,3.0,0,9.99,2022-09-19,20.0,1163.0
U1582,United Kingdom,14,female,family,12.4,490,0.1,3.0,0,0.0,2022-12-08,10.0,1083.0
U1163,Brazil,42,male,family,14.6,565,ten,4.0,0,7.99,,20.0,978.0
U1080,Usa,37,male,premium,9.9,522,0.1,3.0,1,9.99,2022-04-25,10.0,1310.0
U1425,U.K.,38,male,family,16.1,456,0.1,3.0,0,7.99,2022-04-28,10.0,1307.0
U1477,Nigeria,45,other,family,5.7,484,30%,3.0,1,7.99,2022-11-11,30.0,1110.0
U1422,Kenya,17,female,premium,2.4,516,15%,3.0,0,0.0,2023-07-18,15.0,861.0
U1216,Ind,53,other,student,1.5,466,25%,2.0,0,9.99,2024-07-08,25.0,505.0
U1049,Kenya,21,other,student,11.5,514,25%,4.0,1,9.99,,25.0,978.0
U1000,Kenya,18,male,premium,6.3,485,5%,3.0,0,7.99,,5.0,978.0
U1572,South Africa,22,male,student,10.3,494,20%,4.0,1,0.0,,20.0,978.0
U1697,South Africa,60,female,student,6.3,510,25%,1.0,1,7.99,2023-06-22,25.0,887.0
U1119,Nigeria,44,female,premium,10.5,515,0.1,2.0,0,5.0,,10.0,978.0
U1400,Uk,56,other,student,6.0,492,0.1,3.0,0,7.99,2022-01-06,10.0,1419.0
U1668,India,20,female,family,9.4,507,30%,1.0,1,7.99,2022-06-01,30.0,1273.0
U1529,Uk,30,male,family,7.1,494,25%,4.0,1,9.99,2024-08-14,25.0,468.0
U1090,U.K.,33,female,free,0.2,499,20%,2.0,0,9.99,2023-06-24,20.0,885.0
U1259,Brazil,35,male,family,11.7,516,25%,5.0,1,7.99,,25.0,978.0
U1154,Uk,27,female,premium,1.3,513,0.1,3.0,1,0.0,2022-09-03,10.0,1179.0
U1184,Uk,23,female,family,21.5,528,20%,5.0,0,9.99,,20.0,978.0
U1598,Ghana,45,female,free,5.1,526,0.1,4.0,0,7.99,,10.0,978.0
U1226,Kenya,21,male,student,10.6,461,30%,4.0,1,7.99,2023-05-20,30.0,920.0
U1576,Ghana,47,female,free,23.4,545,20%,5.0,1,0.0,2023-03-14,20.0,987.0
U1479,Uk,34,other,student,14.5,508,30%,4.0,0,7.99,2022-11-08,30.0,1113.0
U1001,India,56,unknown,premium,11.1,556,20%,5.0,0,7.99,2022-11-04,20.0,1117.0
U1608,Usa,19,male,student,9.2,510,30%,4.0,0,5.0,,30.0,978.0
U1295,Brazil,59,male,family,9.9,511,25%,5.0,0,7.99,2023-02-22,25.0,1007.0
U1592,Usa,36,male,free,0.9,509,30%,3.0,0,9.99,2022-09-10,30.0,1172.0
U1601,India,55,female,student,3.9,499,5%,4.0,0,7.99,,5.0,978.0
U1314,South Africa,18,female,family,6.0,473,25%,3.0,1,0.0,2023-08-12,25.0,836.0
U1532,India,59,male,student,11.9,513,30%,4.0,0,7.99,,30.0,978.0
U1059,U.K.,18,female,free,7.9,526,ten,3.0,0,0.0,2024-04-23,20.0,581.0
U1443,Uk,45,male,student,13.3,472,0.2,5.0,1,7.99,2024-06-14,20.0,529.0
U1359,India,32,female,premium,12.5,492,20%,5.0,1,0.0,2023-04-11,20.0,959.0
U1366,Nepal,50,female,premium,15.9,506,0.1,3.0,0,7.99,,10.0,978.0
U1207,Uk,17,other,premium,17.3,489,25%,3.0,0,7.99,,25.0,978.0
U1540,United Kingdom,17,male,student,9.9,469,15%,3.0,0,12.99,2024-05-10,15.0,564.0
U1408,United Kingdom,47,male,free,9.2,476,ten,1.0,0,12.99,2024-04-12,20.0,592.0
U1251,Uk,14,unknown,premium,4.6,480,0.1,1.0,1,7.99,,10.0,978.0
U1467,Kenya,64,male,premium,8.1,485,0.1,4.0,1,9.99,2023-09-06,10.0,811.0
U1349,Brazil,63,male,student,12.6,518,0.2,3.0,1,9.99,,20.0,978.0
U1599,Uk,61,female,premium,17.4,492,ten,3.0,1,9.99,2022-12-10,20.0,1081.0
U1017,Nepal,53,female,family,10.2,459,0.2,4.0,0,0.0,,20.0,978.0
U1045,United Kingdom,53,other,free,10.3,536,0.2,2.0,1,7.99,2023-08-02,20.0,846.0
U1112,United Kingdom,63,female,student,6.8,479,15%,4.0,0,7.99,,15.0,978.0
U1639,Brazil,63,male,family,16.1,522,ten,3.0,1,7.99,2022-11-09,20.0,1112.0
U1301,United Kingdom,54,male,premium,10.4,490,25%,3.0,0,9.99,2023-03-26,25.0,975.0
U1023,U.K.,15,unknown,premium,15.8,507,30%,3.0,0,0.0,2022-10-12,30.0,1140.0
U1303,South Africa,49,unknown,family,10.5,507,10%,5.0,0,7.99,2024-07-24,10.0,489.0
U1548,Nigeria,63,other,free,13.9,467,15%,3.0,0,12.99,2024-03-20,15.0,615.0
U1571,Brazil,21,female,free,13.2,512,ten,3.0,0,7.99,2022-01-22,20.0,1403.0
U1231,U.K.,42,male,premium,14.8,563,30%,2.0,0,7.99,,30.0,978.0
U1123,Ghana,20,female,student,16.5,491,20%,1.0,0,7.99,2023-04-19,20.0,951.0
U1644,Nigeria,61,male,student,10.3,493,0.2,3.0,0,7.99,,20.0,978.0
U1640,Brazil,59,female,family,4.7,474,15%,5.0,1,9.99,2022-08-07,15.0,1206.0
U1625,Ind,31,female,free,8.2,514,5%,2.0,0,12.99,,5.0,978.0
U1638,Kenya,26,female,premium,8.9,475,20%,2.0,0,7.99,2022-08-19,20.0,1194.0
U1465,Usa,41,male,student,7.4,511,0.1,4.0,1,7.99,2022-01-03,10.0,1422.0
U1070,South Africa,17,female,student,4.8,501,25%,1.0,1,12.99,2024-01-08,25.0,687.0
U1506,Kenya,63,female,premium,5.2,501,30%,2.0,1,12.99,,30.0,978.0
U1346,United Kingdom,23,female,student,2.8,516,0.1,5.0,0,9.99,2022-03-05,10.0,1361.0
U1068,India,62,male,family,12.5,486,15%,2.0,0,5.0,2023-11-19,15.0,737.0
U1202,Brazil,44,male,premium,13.6,521,25%,4.0,0,5.0,2023-05-12,25.0,928.0
U1500,India,24,female,family,20.5,492,25%,3.0,1,9.99,,25.0,978.0
U1099,Uk,15,male,family,1.4,511,ten,3.0,0,12.99,2022-11-24,20.0,1097.0
U1246,India,38,female,family,12.4,496,ten,4.0,0,7.99,2023-02-08,20.0,1021.0
U1285,Nigeria,22,female,student,10.6,537,0.1,2.0,1,12.99,2023-02-03,10.0,1026.0
U1005,Kenya,59,female,free,12.9,519,25%,1.0,0,0.0,,25.0,978.0
U1039,Usa,38,male,family,12.6,456,5%,5.0,0,0.0,2022-11-07,5.0,1114.0
U1512,Nigeria,17,female,student,17.4,485,ten,3.0,1,7.99,2022-10-10,20.0,1142.0
U1047,Ind,39,male,family,6.8,512,ten,1.0,1,7.99,2024-02-01,20.0,663.0
U1696,Ghana,43,female,free,8.0,471,25%,2.0,0,7.99,2023-09-09,25.0,808.0
U1225,Nepal,39,male,family,8.5,486,15%,3.0,1,0.0,,15.0,978.0
U1215,Uk,17,male,premium,11.7,495,0.1,3.0,1,9.99,,10.0,978.0
U1358,United Kingdom,45,female,student,15.2,461,5%,3.0,0,5.0,2022-09-30,5.0,1152.0
U1622,Ghana,42,female,student,4.5,520,15%,3.0,1,12.99,2023-09-04,15.0,813.0
U1631,Ind,41,female,student,2.6,542,30%,1.0,1,7.99,2022-05-05,30.0,1300.0
U1332,South Africa,18,female,family,18.8,460,15%,3.0,0,0.0,2023-03-18,15.0,983.0
U1579,Ind,38,female,premium,13.7,525,15%,3.0,0,7.99,,15.0,978.0
U1315,India,18,male,premium,8.4,479,0.1,1.0,0,9.99,,10.0,978.0
U1369,Ghana,48,other,family,9.0,477,10%,3.0,0,0.0,2022-04-23,10.0,1312.0
U1004,Ind,57,female,student,12.5,473,15%,3.0,0,0.0,2023-02-16,15.0,1013.0
U1497,Usa,41,other,premium,8.2,497,ten,4.0,0,7.99,2023-05-06,20.0,934.0
U1255,Nepal,63,male,student,8.5,462,20%,4.0,1,7.99,,20.0,978.0
U1168,Nigeria,41,male,premium,16.1,477,0.2,3.0,1,9.99,2023-11-27,20.0,729.0
U1537,Usa,48,female,student,11.3,486,0.1,4.0,1,7.99,2022-09-10,10.0,1172.0
U1405,Nigeria,46,unknown,premium,11.8,506,0.1,3.0,1,9.99,2023-06-04,10.0,905.0
U1553,United Kingdom,34,other,family,6.9,467,5%,2.0,0,5.0,2022-06-28,5.0,1246.0
U1436,India,26,female,premium,16.9,490,ten,3.0,0,9.99,,20.0,978.0
U1423,Usa,31,other,student,16.2,508,5%,5.0,0,5.0,2022-09-23,5.0,1159.0
U1483,South Africa,22,male,premium,6.8,442,0.2,3.0,0,9.99,,20.0,978.0
U1174,Usa,32,female,family,11.6,505,20%,5.0,1,7.99,2022-08-03,20.0,1210.0
U1362,Uk,59,female,premium,0.8,484,30%,2.0,1,12.99,2022-06-05,30.0,1269.0
U1317,Ghana,16,female,premium,7.3,500,5%,5.0,0,9.99,2022-10-08,5.0,1144.0
U1113,United Kingdom,57,female,premium,10.8,521,5%,3.0,0,12.99,2024-11-01,5.0,389.0
U1007,United Kingdom,28,female,student,5.6,507,0.1,2.0,1,0.0,,10.0,978.0
U1164,United Kingdom,54,male,free,11.5,511,20%,5.0,1,0.0,2023-05-02,20.0,938.0
U1439,Nepal,50,female,student,10.6,490,ten,3.0,1,9.99,,20.0,978.0
U1188,India,28,male,student,19.1,504,5%,4.0,0,9.99,2024-07-13,5.0,500.0
U1580,Ghana,23,other,free,14.3,507,ten,3.0,0,7.99,2023-10-11,20.0,776.0
U1181,Ghana,55,female,free,2.5,513,0.1,4.0,1,7.99,2022-07-17,10.0,1227.0
U1145,Kenya,63,male,premium,19.0,495,5%,5.0,1,7.99,2023-07-15,5.0,864.0
U1558,Nigeria,49,female,family,5.6,497,15%,3.0,1,7.99,2023-07-01,15.0,878.0
U1026,Uk,23,female,free,7.5,497,25%,3.0,0,9.99,2024-08-04,25.0,478.0
U1098,Ghana,50,unknown,premium,5.6,509,0.2,3.0,0,7.99,2023-12-26,20.0,700.0
U1199,Nigeria,15,male,family,7.9,528,ten,3.0,0,7.99,,20.0,978.0
U1297,Ghana,52,unknown,premium,4.3,469,30%,3.0,0,7.99,2024-03-13,30.0,622.0
U1545,Uk,40,male,family,0.7,534,0.1,3.0,0,0.0,2022-04-14,10.0,1321.0
U1257,India,15,unknown,family,0.3,503,30%,3.0,0,0.0,2024-03-30,30.0,605.0
U1450,Kenya,52,unknown,family,1.5,515,20%,4.0,1,9.99,,20.0,978.0
U1629,Ghana,61,unknown,free,14.5,522,ten,4.0,1,7.99,2022-01-10,20.0,1415.0
U1300,United Kingdom,31,male,student,11.2,532,ten,1.0,0,0.0,2023-11-29,20.0,727.0
U1698,Uk,30,other,family,15.7,494,5%,3.0,0,0.0,2022-05-12,5.0,1293.0
U1437,Nigeria,44,male,premium,15.1,456,10%,4.0,1,7.99,,10.0,978.0
U1272,U.K.,22,female,free,4.4,499,0.2,3.0,0,0.0,2022-05-26,20.0,1279.0
U1081,U.K.,34,female,premium,9.1,484,ten,5.0,1,5.0,,20.0,978.0
U1237,India,13,female,free,6.8,531,15%,5.0,0,5.0,2022-11-07,15.0,1114.0
U1634,Kenya,52,other,family,10.9,480,5%,5.0,1,9.99,2023-01-06,5.0,1054.0
U1172,Usa,22,male,family,4.8,503,ten,4.0,0,5.0,2022-07-15,20.0,1229.0
U1510,Kenya,55,female,premium,12.1,512,15%,2.0,0,12.99,,15.0,978.0
U1279,U.K.,37,female,free,13.9,512,20%,4.0,1,9.99,2024-02-07,20.0,657.0
U1210,India,54,unknown,student,7.7,496,ten,3.0,1,0.0,2022-08-09,20.0,1204.0
U1533,South Africa,52,female,free,9.1,478,25%,3.0,0,12.99,,25.0,978.0
U1218,South Africa,38,other,family,18.4,501,25%,5.0,1,5.0,2023-10-28,25.0,759.0
U1148,Ghana,46,other,family,5.7,477,ten,2.0,1,7.99,,20.0,978.0
U1621,Usa,25,female,family,12.0,505,25%,3.0,0,7.99,,25.0,978.0
U1518,Nigeria,18,female,student,7.8,477,0.1,5.0,1,7.99,2023-01-03,10.0,1057.0
U1535,U.K.,24,male,family,9.0,524,30%,4.0,0,9.99,,30.0,978.0
U1523,South Africa,58,unknown,free,3.8,498,15%,1.0,0,9.99,,15.0,978.0
U1444,South Africa,37,female,free,3.9,500,0.2,2.0,1,7.99,,20.0,978.0
U1384,Nigeria,14,female,student,6.3,491,0.2,2.0,0,7.99,,20.0,978.0
U1311,South Africa,45,unknown,family,22.1,508,15%,4.0,0,9.99,,15.0,978.0
U1197,Uk,15,female,student,5.4,521,20%,3.0,0,5.0,2024-04-02,20.0,602.0
U1626,India,44,male,family,9.5,535,5%,4.0,0,7.99,2023-03-10,5.0,991.0
U1183,Uk,60,female,premium,13.6,513,15%,5.0,0,9.99,2023-06-21,15.0,888.0
U1122,Kenya,43,male,premium,6.0,519,25%,4.0,0,7.99,2023-06-11,25.0,898.0
U1587,Uk,39,male,premium,4.5,495,25%,3.0,0,7.99,,25.0,978.0
U1124,South Africa,51,female,family,5.1,481,25%,4.0,0,7.99,2024-02-29,25.0,635.0
U1357,Usa,32,other,premium,10.0,500,30%,1.0,0,9.99,,30.0,978.0
U1393,U.K.,36,male,student,17.2,506,10%,3.0,1,9.99,2023-08-21,10.0,827.0
U1025,Ind,35,female,family,13.0,532,0.1,2.0,1,9.99,,10.0,978.0
U1623,India,35,male,family,8.2,493,20%,4.0,0,12.99,2024-01-13,20.0,682.0
U1243,Nepal,59,female,student,5.6,466,0.1,2.0,0,9.99,2023-09-23,10.0,794.0
U1321,U.K.,43,male,premium,23.3,502,30%,4.0,0,7.99,2022-03-03,30.0,1363.0
U1106,South Africa,29,female,student,9.6,482,30%,2.0,1,7.99,,30.0,978.0
U1472,Kenya,41,female,family,0.6,463,25%,4.0,1,9.99,,25.0,978.0
U1077,Nepal,23,male,premium,8.4,501,5%,3.0,1,9.99,,5.0,978.0
U1078,U.K.,33,other,premium,14.4,487,15%,1.0,0,9.99,,15.0,978.0
U1421,United Kingdom,49,other,family,16.3,531,5%,4.0,0,7.99,2024-08-20,5.0,462.0
U1469,Ind,51,female,premium,6.8,486,ten,3.0,0,9.99,,20.0,978.0
U1651,Nigeria,20,other,premium,21.7,524,25%,3.0,0,5.0,2022-01-09,25.0,1416.0
U1427,Nepal,37,other,family,10.7,544,10%,4.0,0,7.99,2023-03-23,10.0,978.0
U1542,Ind,20,female,student,8.0,516,15%,3.0,1,9.99,2022-01-26,15.0,1399.0
U1447,Usa,59,female,premium,13.3,497,15%,3.0,0,5.0,2022-10-13,15.0,1139.0
U1261,United Kingdom,55,male,free,4.1,539,0.2,3.0,1,7.99,,20.0,978.0
U1687,South Africa,44,unknown,family,9.0,514,15%,2.0,1,7.99,2023-10-11,15.0,776.0
U1538,Uk,60,female,premium,10.5,487,15%,5.0,0,7.99,2022-03-22,15.0,1344.0
U1162,Kenya,27,female,student,3.3,487,15%,2.0,0,7.99,2023-11-05,15.0,751.0
U1289,Uk,30,male,family,8.9,493,5%,3.0,0,7.99,,5.0,978.0
U1179,Kenya,14,unknown,free,12.9,500,25%,4.0,0,7.99,2023-11-06,25.0,750.0
U1501,Ind,57,female,premium,4.4,493,15%,3.0,0,7.99,2023-02-01,15.0,1028.0
U1276,Usa,34,male,family,4.4,475,0.2,4.0,0,0.0,2023-08-02,20.0,846.0
U1642,Usa,14,female,premium,3.7,494,20%,3.0,1,7.99,2022-09-10,20.0,1172.0
U1554,U.K.,23,female,premium,6.5,504,0.1,4.0,1,7.99,2023-05-10,10.0,930.0
U1460,Nigeria,20,male,family,7.8,518,0.2,1.0,0,5.0,2023-08-16,20.0,832.0
U1603,Nepal,38,female,premium,7.8,488,0.2,4.0,1,12.99,2024-06-03,20.0,540.0
U1459,Usa,63,unknown,student,12.1,489,15%,3.0,1,12.99,2022-09-12,15.0,1170.0
U1286,Ghana,15,male,family,5.1,489,0.2,5.0,0,7.99,2022-01-01,20.0,1424.0
U1264,United Kingdom,30,male,family,0.5,511,5%,2.0,0,9.99,2022-05-10,5.0,1295.0
U1612,Ghana,61,other,student,1.9,475,25%,3.0,0,7.99,2024-03-06,25.0,629.0
U1234,Nigeria,29,male,free,10.0,484,30%,4.0,0,12.99,,30.0,978.0
U1233,Usa,60,unknown,student,14.1,507,20%,5.0,0,7.99,2024-07-16,20.0,497.0
U1085,Kenya,45,male,premium,6.0,487,30%,3.0,0,7.99,2023-10-07,30.0,780.0
U1287,India,53,male,premium,5.5,500,0.1,2.0,1,7.99,,10.0,978.0
U1029,Nepal,44,male,student,8.2,514,15%,3.0,0,9.99,2022-01-27,15.0,1398.0
U1325,Ghana,63,unknown,student,19.1,477,10%,1.0,0,9.99,2023-07-29,10.0,850.0
U1446,Usa,45,male,family,11.4,499,5%,2.0,0,9.99,2023-05-11,5.0,929.0
U1089,Ind,13,male,student,9.8,481,15%,4.0,0,7.99,,15.0,978.0
U1610,United Kingdom,32,unknown,free,15.6,481,25%,4.0,1,7.99,,25.0,978.0
U1326,India,43,male,student,9.6,531,30%,1.0,0,7.99,2023-06-04,30.0,905.0
U1061,Usa,63,unknown,free,6.5,530,15%,4.0,0,0.0,2022-08-11,15.0,1202.0
U1541,Brazil,49,other,student,15.4,534,25%,3.0,0,7.99,,25.0,978.0
U1277,Ghana,38,unknown,family,9.2,477,30%,2.0,0,9.99,2023-07-09,30.0,870.0
U1594,Kenya,19,male,family,0.8,502,15%,3.0,0,7.99,2022-10-27,15.0,1125.0
U1160,Brazil,45,female,student,11.1,495,0.2,3.0,0,5.0,2022-03-01,20.0,1365.0
U1221,Uk,61,male,free,7.1,514,0.2,4.0,0,9.99,2023-06-02,20.0,907.0
U1217,Uk,24,male,family,17.3,485,10%,4.0,0,0.0,2023-01-05,10.0,1055.0
U1516,U.K.,52,female,family,9.5,461,0.2,3.0,1,5.0,2022-09-27,20.0,1155.0
U1167,U.K.,17,female,student,5.9,514,30%,3.0,1,9.99,,30.0,978.0
U1555,United Kingdom,35,female,free,11.7,545,0.1,3.0,0,9.99,2024-03-05,10.0,630.0
U1108,Brazil,26,male,family,17.1,485,10%,2.0,0,9.99,,10.0,978.0
U1471,Ind,48,female,family,10.5,521,10%,4.0,0,7.99,2023-01-08,10.0,1052.0
U1091,Ind,60,unknown,student,20.3,498,20%,2.0,1,9.99,2022-03-01,20.0,1365.0
U1391,Nepal,23,male,family,9.8,496,25%,2.0,1,7.99,2022-07-04,25.0,1240.0
U1665,Uk,62,unknown,student,11.4,467,10%,4.0,0,7.99,2023-06-22,10.0,887.0
U1431,Nepal,30,male,free,4.4,466,20%,4.0,0,0.0,,20.0,978.0
U1055,Nigeria,41,male,free,12.1,500,20%,3.0,0,9.99,2022-12-02,20.0,1089.0
U1100,Ghana,35,female,student,11.4,490,25%,4.0,1,9.99,2024-06-11,25.0,532.0
U1307,South Africa,46,other,free,5.4,495,10%,3.0,0,9.99,,10.0,978.0
U1635,Nigeria,31,male,family,4.1,450,30%,2.0,0,0.0,2023-08-16,30.0,832.0
U1298,Ghana,61,female,family,1.2,516,20%,3.0,1,7.99,,20.0,978.0
U1241,Brazil,64,male,family,14.0,556,15%,4.0,1,7.99,,15.0,978.0
U1066,United Kingdom,22,male,free,2.3,493,15%,4.0,1,7.99,,15.0,978.0
U1118,Kenya,52,male,family,8.9,475,ten,2.0,0,9.99,2022-04-02,20.0,1333.0
U1036,Usa,20,female,family,22.3,488,25%,1.0,1,7.99,,25.0,978.0
U1534,Usa,55,male,family,6.1,490,0.2,1.0,1,7.99,,20.0,978.0
U1684,Nigeria,44,female,family,12.1,464,10%,2.0,0,0.0,2022-10-03,10.0,1149.0
U1294,Ind,46,female,student,7.4,507,0.1,3.0,0,7.99,,10.0,978.0
U1654,Brazil,15,female,premium,19.8,484,30%,3.0,0,9.99,,30.0,978.0
U1547,South Africa,21,male,premium,9.1,524,0.1,5.0,0,9.99,2022-03-07,10.0,1359.0
U1406,Kenya,24,unknown,premium,8.5,514,15%,4.0,1,0.0,2023-07-15,15.0,864.0
U1473,Ghana,50,female,student,8.5,526,0.1,1.0,1,0.0,,10.0,978.0
U1057,Nigeria,58,other,premium,9.7,491,15%,3.0,0,5.0,2024-06-06,15.0,537.0
U1134,South Africa,42,female,student,13.0,483,0.2,5.0,0,7.99,2022-09-14,20.0,1168.0
U1661,South Africa,45,male,premium,11.2,512,5%,3.0,0,5.0,,5.0,978.0
U1334,Kenya,32,male,student,6.4,488,15%,1.0,1,9.99,,15.0,978.0
U1643,Ghana,40,male,family,5.7,453,0.1,3.0,1,7.99,2024-07-21,10.0,492.0
U1053,Usa,40,female,family,3.6,509,25%,5.0,1,7.99,,25.0,978.0
U1681,United Kingdom,20,male,family,8.7,476,20%,3.0,0,7.99,,20.0,978.0
U1374,United Kingdom,18,male,student,14.2,504,0.2,5.0,0,9.99,2022-04-11,20.0,1324.0
U1641,U.K.,62,female,family,5.6,484,0.2,3.0,0,9.99,2022-08-12,20.0,1201.0
U1203,Nepal,62,unknown,family,17.2,508,10%,3.0,1,9.99,2023-12-08,10.0,718.0
U1660,United Kingdom,46,female,premium,2.4,504,5%,4.0,0,12.99,2024-01-05,5.0,690.0
U1069,U.K.,57,male,premium,21.4,454,30%,3.0,1,7.99,2022-11-05,30.0,1116.0
U1240,South Africa,47,unknown,premium,3.9,483,25%,1.0,0,12.99,,25.0,978.0
U1230,United Kingdom,59,other,family,18.2,484,20%,5.0,0,7.99,,20.0,978.0
U1293,Ind,34,male,free,17.8,517,15%,4.0,0,0.0,2023-08-29,15.0,819.0
U1657,Ind,22,male,premium,3.6,486,10%,3.0,1,7.99,,10.0,978.0
U1253,Usa,38,male,premium,11.3,497,15%,4.0,1,9.99,,15.0,978.0
U1499,Uk,16,male,student,11.2,485,15%,3.0,0,12.99,2024-05-30,15.0,544.0
U1318,United Kingdom,42,male,student,13.2,458,15%,2.0,1,0.0,2023-07-15,15.0,864.0
U1677,Nigeria,63,other,student,6.4,541,0.1,2.0,1,0.0,2024-05-04,10.0,570.0
U1350,Brazil,57,female,student,11.6,510,5%,4.0,1,5.0,2022-10-03,5.0,1149.0
U1016,United Kingdom,59,female,free,14.2,514,20%,2.0,0,5.0,2023-02-23,20.0,1006.0
U1064,Usa,37,male,family,10.1,510,ten,3.0,0,7.99,,20.0,978.0
U1027,Usa,24,female,family,8.8,508,15%,1.0,0,9.99,2023-08-30,15.0,818.0
U1658,Ind,31,female,student,9.8,508,30%,3.0,0,7.99,,30.0,978.0
U1522,Uk,38,unknown,student,12.3,500,ten,1.0,0,7.99,2023-11-24,20.0,732.0
U1564,United Kingdom,13,male,student,16.1,489,25%,3.0,1,12.99,2024-07-13,25.0,500.0
U1690,Uk,28,male,premium,21.7,512,15%,2.0,1,7.99,,15.0,978.0
U1265,India,50,unknown,premium,10.9,497,20%,3.0,0,9.99,2023-11-02,20.0,754.0
U1014,South Africa,32,male,free,20.8,487,25%,2.0,0,7.99,,25.0,978.0
U1213,U.K.,18,unknown,student,0.5,509,5%,1.0,0,7.99,,5.0,978.0
U1186,Brazil,59,female,family,0.5,490,20%,1.0,0,9.99,,20.0,978.0
U1492,Nigeria,64,male,family,13.3,501,25%,3.0,0,7.99,,25.0,978.0
U1570,U.K.,21,female,premium,11.9,487,10%,5.0,1,9.99,2023-12-01,10.0,725.0
U1236,Kenya,48,male,free,15.6,548,15%,3.0,0,12.99,2024-06-05,15.0,538.0
U1451,India,52,other,family,1.4,511,30%,3.0,0,5.0,2023-09-09,30.0,808.0
U1402,Brazil,26,female,student,11.4,513,10%,2.0,1,9.99,2024-03-13,10.0,622.0
U1379,Kenya,22,female,student,7.4,505,ten,3.0,1,7.99,2023-12-22,20.0,704.0
U1193,South Africa,16,female,premium,12.4,523,25%,2.0,0,7.99,2022-04-29,25.0,1306.0
U1268,Ghana,27,female,free,8.2,510,0.1,4.0,0,9.99,2022-04-06,10.0,1329.0
U1457,India,15,other,premium,5.3,525,0.2,2.0,1,7.99,2023-07-03,20.0,876.0
U1371,South Africa,55,male,free,10.6,496,25%,4.0,1,9.99,2024-05-28,25.0,546.0
U1159,Kenya,50,male,student,8.3,518,ten,1.0,1,0.0,2023-01-31,20.0,1029.0
U1191,Kenya,28,female,student,14.5,516,30%,3.0,0,9.99,,30.0,978.0
U1440,Brazil,45,female,student,15.1,474,0.2,3.0,0,0.0,2023-02-13,20.0,1016.0
U1102,Ghana,49,male,student,15.7,532,5%,2.0,0,0.0,2023-03-29,5.0,972.0
U1336,Uk,23,male,family,17.0,458,25%,4.0,1,0.0,2023-03-02,25.0,999.0
U1456,South Africa,18,male,family,9.1,499,ten,3.0,0,7.99,2024-07-14,20.0,499.0
U1368,Usa,23,unknown,student,13.8,519,30%,1.0,0,0.0,2023-05-06,30.0,934.0
U1224,Usa,57,female,family,21.1,499,30%,4.0,0,9.99,,30.0,978.0
U1600,Uk,41,female,premium,8.7,483,5%,3.0,0,7.99,2024-02-07,5.0,657.0
U1646,Usa,42,other,premium,14.8,484,0.2,3.0,0,0.0,,20.0,978.0
U1383,Ghana,52,female,student,4.2,471,5%,4.0,0,0.0,,5.0,978.0
U1323,Nepal,21,other,free,10.8,499,25%,4.0,0,7.99,,25.0,978.0
U1606,Uk,33,female,student,2.9,490,25%,3.0,0,12.99,2024-08-20,25.0,462.0
U1092,South Africa,18,female,free,4.0,503,20%,5.0,0,9.99,2022-03-17,20.0,1349.0
U1361,Uk,24,male,free,7.2,485,30%,3.0,0,0.0,2022-09-21,30.0,1161.0
U1372,Uk,15,other,premium,14.9,484,0.2,1.0,0,12.99,,20.0,978.0
U1397,Nigeria,43,male,premium,8.7,514,20%,3.0,1,5.0,2023-07-03,20.0,876.0
U1067,Uk,42,female,family,14.6,479,30%,4.0,0,9.99,2024-07-27,30.0,486.0
U1528,U.K.,52,female,family,15.4,480,0.2,1.0,0,12.99,2022-03-11,20.0,1355.0
U1476,Uk,39,male,student,15.3,530,0.1,3.0,1,9.99,2024-02-06,10.0,658.0
U1214,United Kingdom,13,female,student,12.9,509,10%,1.0,1,12.99,,10.0,978.0
U1485,Uk,50,other,family,7.7,536,ten,3.0,1,0.0,2022-11-09,20.0,1112.0
U1073,Nepal,30,unknown,student,14.9,494,25%,1.0,0,12.99,,25.0,978.0
U1282,United Kingdom,32,other,family,12.0,502,10%,3.0,0,7.99,2023-07-02,10.0,877.0
U1648,Nepal,63,female,family,9.1,481,0.2,1.0,0,9.99,2024-02-03,20.0,661.0
U1663,Nepal,40,female,student,18.8,480,ten,4.0,1,9.99,,20.0,978.0
U1071,India,45,female,student,9.0,525,10%,3.0,1,9.99,2023-02-25,10.0,1004.0
U1338,Usa,27,female,premium,6.8,510,25%,3.0,0,0.0,,25.0,978.0
U1398,Uk,61,male,family,19.0,451,15%,3.0,0,9.99,2023-03-16,15.0,985.0
U1182,Kenya,55,male,family,12.5,498,25%,4.0,0,7.99,2022-09-24,25.0,1158.0
U1536,United Kingdom,56,female,premium,5.6,516,5%,1.0,1,9.99,2023-06-22,5.0,887.0
U1605,United Kingdom,62,unknown,premium,9.2,493,10%,3.0,0,0.0,,10.0,978.0
U1220,Brazil,46,male,family,15.8,494,30%,2.0,0,9.99,,30.0,978.0
U1664,India,44,male,family,8.2,483,ten,4.0,0,7.99,,20.0,978.0
U1171,Nepal,29,male,family,13.7,510,10%,5.0,0,5.0,,10.0,978.0
U1430,Nigeria,37,male,free,16.0,498,25%,4.0,1,7.99,2023-02-09,25.0,1020.0
U1461,United Kingdom,54,other,family,13.8,476,20%,4.0,0,12.99,2022-12-24,20.0,1067.0
U1206,India,33,other,premium,11.4,490,10%,5.0,0,7.99,2023-04-11,10.0,959.0
U1525,India,24,male,family,6.7,505,30%,3.0,1,9.99,2022-04-10,30.0,1325.0
U1344,Nepal,14,male,student,15.8,501,25%,3.0,0,9.99,,25.0,978.0
U1659,Nepal,58,female,free,7.2,495,5%,3.0,0,5.0,,5.0,978.0
U1345,Nepal,27,male,family,6.2,511,20%,3.0,1,0.0,,20.0,978.0
U1480,U.K.,14,male,free,14.5,474,15%,4.0,0,7.99,,15.0,978.0
U1692,Usa,64,unknown,family,19.8,480,0.1,3.0,0,7.99,2023-11-22,10.0,734.0
U1385,Nepal,32,unknown,free,11.0,504,10%,3.0,1,7.99,2022-11-02,10.0,1119.0
U1585,India,39,male,family,6.3,477,10%,4.0,0,7.99,,10.0,978.0
U1433,Nigeria,20,male,premium,12.6,521,0.2,3.0,0,7.99,2024-07-07,20.0,506.0
U1502,Usa,14,other,premium,16.1,470,0.1,3.0,1,9.99,2024-03-03,10.0,632.0
U1117,Nigeria,61,other,free,18.6,558,15%,5.0,0,9.99,2023-12-25,15.0,701.0
U1527,Kenya,25,female,family,10.0,452,ten,1.0,0,9.99,,20.0,978.0
U1146,Kenya,51,male,premium,13.7,498,ten,4.0,0,9.99,2022-11-03,20.0,1118.0
U1682,U.K.,46,male,free,16.0,505,30%,4.0,0,7.99,,30.0,978.0
U1388,South Africa,21,female,free,12.6,508,0.2,4.0,1,0.0,2023-08-14,20.0,834.0
U1324,United Kingdom,15,female,student,11.9,521,15%,2.0,1,9.99,2023-04-24,15.0,946.0
U1327,Uk,52,male,premium,5.9,460,5%,5.0,0,7.99,2024-02-04,5.0,660.0
U1442,Ind,27,female,premium,13.6,504,0.1,3.0,0,9.99,,10.0,978.0
U1493,United Kingdom,27,male,family,23.4,536,15%,3.0,0,0.0,,15.0,978.0
U1521,Nigeria,59,female,student,0.3,506,10%,3.0,0,7.99,2023-09-03,10.0,814.0
U1256,United Kingdom,19,female,premium,16.0,525,0.2,3.0,0,7.99,2023-06-10,20.0,899.0
U1013,India,31,male,family,2.0,554,0.2,2.0,0,5.0,,20.0,978.0
U1590,Kenya,56,other,premium,12.6,480,10%,3.0,0,7.99,2023-12-09,10.0,717.0
U1115,Brazil,16,male,premium,10.3,506,15%,2.0,1,12.99,,15.0,978.0
U1354,Usa,38,unknown,student,10.4,479,30%,3.0,0,5.0,,30.0,978.0
U1088,South Africa,47,male,premium,5.0,487,25%,3.0,0,0.0,2023-12-18,25.0,708.0
U1504,Nigeria,43,female,student,4.9,504,ten,3.0,0,0.0,2023-12-07,20.0,719.0
U1305,South Africa,64,female,premium,7.0,482,30%,4.0,0,9.99,,30.0,978.0
U1125,Usa,38,female,student,3.4,481,ten,3.0,0,0.0,,20.0,978.0
U1200,Usa,39,male,premium,11.3,487,30%,2.0,0,9.99,2022-12-24,30.0,1067.0
U1319,Ghana,23,female,premium,7.8,504,30%,2.0,1,5.0,,30.0,978.0
U1010,Brazil,49,female,student,10.4,457,20%,5.0,0,9.99,2022-11-04,20.0,1117.0
U1655,Nigeria,44,male,student,15.6,521,25%,2.0,1,7.99,,25.0,978.0
U1404,Kenya,21,male,student,19.0,474,ten,4.0,0,7.99,,20.0,978.0
U1596,Ghana,18,unknown,free,17.9,524,10%,2.0,0,5.0,,10.0,978.0
U1024,Usa,28,unknown,premium,12.8,510,25%,3.0,0,0.0,2022-05-15,25.0,1290.0
U1339,Brazil,18,male,family,9.7,511,25%,3.0,0,0.0,2022-07-30,25.0,1214.0
U1589,South Africa,55,male,student,17.2,481,25%,3.0,0,0.0,,25.0,978.0
U1228,Uk,59,male,student,19.3,464,0.2,4.0,0,9.99,,20.0,978.0
U1495,Nepal,20,female,family,6.6,496,10%,2.0,0,9.99,2024-01-01,10.0,694.0
U1491,Usa,36,female,student,13.2,479,30%,1.0,0,7.99,,30.0,978.0
U1637,United Kingdom,13,male,family,11.3,493,20%,3.0,0,5.0,2022-11-05,20.0,1116.0
U1645,Nigeria,62,female,premium,12.5,478,20%,4.0,0,9.99,2024-01-27,20.0,668.0
U1189,Ghana,43,male,premium,13.1,500,20%,3.0,1,7.99,,20.0,978.0
U1139,United Kingdom,27,female,family,5.4,441,ten,5.0,1,7.99,2023-09-14,20.0,803.0
U1458,U.K.,19,female,family,8.9,528,0.1,3.0,0,9.99,,10.0,978.0
U1363,Usa,13,female,student,11.0,509,10%,3.0,0,7.99,,10.0,978.0
U1364,Usa,38,female,free,11.8,484,0.1,5.0,0,12.99,2022-08-30,10.0,1183.0
U1488,Nepal,59,other,student,11.7,495,10%,1.0,0,5.0,,10.0,978.0
U1581,South Africa,50,male,student,16.4,483,5%,1.0,1,9.99,2023-06-01,5.0,908.0
U1147,Brazil,50,female,student,13.0,479,25%,3.0,0,9.99,,25.0,978.0
U1355,Uk,16,male,premium,14.4,482,30%,3.0,0,5.0,2022-02-04,30.0,1390.0
U1419,South Africa,47,male,student,0.1,531,15%,4.0,0,9.99,2023-09-22,15.0,795.0
U1416,India,49,female,student,7.2,451,15%,5.0,0,7.99,2023-04-17,15.0,953.0
U1195,Ghana,16,female,premium,9.9,500,30%,3.0,1,0.0,2022-02-09,30.0,1385.0
U1299,United Kingdom,56,male,free,4.9,475,0.2,4.0,1,12.99,,20.0,978.0
U1392,Kenya,27,female,family,15.7,493,25%,4.0,1,0.0,,25.0,978.0
U1050,U.K.,45,other,student,11.4,475,15%,5.0,0,12.99,,15.0,978.0
U1190,United Kingdom,23,female,family,11.6,475,25%,4.0,1,7.99,,25.0,978.0
U1401,Ghana,62,male,family,13.0,475,15%,2.0,0,9.99,,15.0,978.0
U1208,Uk,30,female,family,2.8,494,20%,4.0,0,7.99,,20.0,978.0
U1051,India,32,male,student,6.0,513,25%,5.0,0,5.0,,25.0,978.0
U1012,Ind,47,male,family,5.8,549,25%,3.0,0,5.0,2023-05-08,25.0,932.0
U1008,Kenya,33,female,student,6.5,499,ten,5.0,0,12.99,,20.0,978.0
U1399,South Africa,17,female,student,11.1,511,5%,2.0,0,5.0,,5.0,978.0
U1468,Nigeria,42,female,family,11.7,477,0.2,3.0,0,9.99,2023-12-18,20.0,708.0
U1278,Ghana,56,unknown,family,14.5,531,25%,4.0,0,0.0,2022-05-29,25.0,1276.0
U1166,Usa,29,male,family,14.2,487,30%,3.0,0,9.99,,30.0,978.0
U1040,Kenya,20,female,student,2.6,516,15%,3.0,1,7.99,,15.0,978.0
U1121,Usa,40,female,premium,7.7,475,15%,3.0,0,12.99,,15.0,978.0
U1328,India,49,male,premium,3.7,479,15%,2.0,0,5.0,2022-12-12,15.0,1079.0
U1531,Brazil,45,unknown,student,23.7,536,10%,3.0,0,9.99,2023-07-08,10.0,871.0
U1604,Brazil,40,female,premium,10.2,485,10%,2.0,1,7.99,2023-11-23,10.0,733.0
U1628,Kenya,41,unknown,free,11.2,495,10%,4.0,0,7.99,,10.0,978.0
U1110,Uk,58,male,student,11.4,496,0.2,4.0,1,9.99,2023-10-03,20.0,784.0
U1482,Ghana,17,female,premium,13.7,499,30%,5.0,1,12.99,2023-08-29,30.0,819.0
U1348,South Africa,38,other,student,8.2,517,0.2,4.0,0,9.99,2022-02-11,20.0,1383.0
U1375,Usa,62,female,family,7.9,511,20%,4.0,0,5.0,2022-02-02,20.0,1392.0
U1056,Ghana,25,male,premium,6.6,497,25%,3.0,0,9.99,2023-03-26,25.0,975.0
U1082,Nigeria,39,male,student,8.0,486,25%,2.0,1,9.99,2024-04-18,25.0,586.0
U1562,Nigeria,48,male,family,12.6,498,30%,2.0,1,0.0,,30.0,978.0
U1320,U.K.,42,female,free,15.1,512,25%,3.0,0,7.99,,25.0,978.0
U1486,Kenya,25,other,family,6.3,498,30%,3.0,1,12.99,,30.0,978.0
U1048,Ghana,29,unknown,free,4.4,493,15%,3.0,0,7.99,,15.0,978.0
U1009,Brazil,23,female,free,8.8,494,15%,3.0,1,9.99,,15.0,978.0
U1337,Uk,16,female,premium,10.3,498,30%,4.0,0,7.99,,30.0,978.0
U1360,United Kingdom,61,female,premium,16.5,510,0.2,4.0,0,7.99,2023-06-27,20.0,882.0
U1494,Ind,41,other,family,0.9,500,15%,5.0,0,7.99,2023-06-14,15.0,895.0
U1291,Uk,48,other,student,5.4,528,0.2,3.0,0,9.99,2024-04-03,20.0,601.0
U1662,Uk,35,male,student,11.3,504,0.1,2.0,0,5.0,2022-05-13,10.0,1292.0
U1101,Kenya,49,other,family,11.0,486,ten,3.0,0,7.99,2022-06-05,20.0,1269.0
U1130,South Africa,13,female,premium,11.4,492,25%,1.0,0,12.99,2024-06-13,25.0,530.0
U1316,United Kingdom,60,male,premium,7.9,533,0.2,2.0,0,7.99,2023-02-20,20.0,1009.0
U1175,Usa,36,female,student,10.2,444,30%,3.0,0,5.0,,30.0,978.0
U1573,India,64,female,premium,6.3,504,0.2,5.0,1,5.0,2022-12-22,20.0,1069.0
U1271,Kenya,40,male,family,17.0,500,10%,4.0,0,9.99,,10.0,978.0
U1519,Nigeria,20,male,family,1.0,541,15%,3.0,1,9.99,,15.0,978.0
U1060,India,30,male,premium,8.2,510,0.1,2.0,1,9.99,,10.0,978.0
U1054,U.K.,60,male,family,5.2,491,ten,2.0,0,5.0,,20.0,978.0
U1132,United Kingdom,17,female,premium,6.1,551,10%,3.0,0,0.0,,10.0,978.0
U1342,Kenya,50,male,family,6.5,505,30%,1.0,0,7.99,2022-12-24,30.0,1067.0
U1630,Kenya,57,female,premium,2.3,481,20%,3.0,0,7.99,2023-11-10,20.0,746.0
U1614,Usa,34,female,student,19.5,533,5%,2.0,0,0.0,2023-05-11,5.0,929.0
U1032,Uk,50,male,student,10.3,519,5%,4.0,1,12.99,,5.0,978.0
U1666,Kenya,19,male,family,6.7,526,5%,1.0,0,0.0,2022-10-12,5.0,1140.0
U1065,South Africa,14,female,student,6.4,488,0.1,4.0,0,9.99,2022-01-01,10.0,1424.0
U1312,India,34,male,premium,10.4,469,30%,2.0,1,0.0,2023-05-11,30.0,929.0
U1620,United Kingdom,44,male,student,9.5,493,20%,3.0,0,12.99,,20.0,978.0
U1563,U.K.,35,other,family,9.2,491,5%,3.0,0,7.99,,5.0,978.0
U1156,India,63,female,family,12.9,530,15%,4.0,0,9.99,2024-08-27,15.0,455.0
U1586,U.K.,46,male,student,5.3,524,10%,3.0,0,9.99,2022-03-19,10.0,1347.0
U1248,Nepal,35,other,student,10.9,482,15%,4.0,0,7.99,2023-11-30,15.0,726.0
U1688,Ghana,58,female,student,9.3,502,10%,3.0,1,9.99,,10.0,978.0
U1063,Kenya,59,male,free,6.9,486,0.2,3.0,0,9.99,2023-04-12,20.0,958.0
U1557,Uk,58,male,premium,1.0,451,ten,3.0,1,12.99,,20.0,978.0
U1270,South Africa,49,female,family,9.0,486,0.2,3.0,0,9.99,2023-03-04,20.0,997.0
U1198,United Kingdom,44,male,family,16.4,493,10%,4.0,0,7.99,2022-01-23,10.0,1402.0
U1462,Uk,64,female,student,11.0,505,15%,5.0,0,9.99,2022-01-18,15.0,1407.0
U1509,Ind,38,male,family,2.0,484,5%,3.0,0,0.0,,5.0,978.0
U1254,Brazil,26,unknown,student,15.7,507,0.2,5.0,1,9.99,2022-11-07,20.0,1114.0
U1526,South Africa,38,other,premium,9.0,523,10%,2.0,0,5.0,,10.0,978.0
U1331,India,43,unknown,student,20.1,457,20%,5.0,1,7.99,2022-03-14,20.0,1352.0
U1288,Usa,57,female,family,11.8,530,ten,1.0,0,7.99,,20.0,978.0
U1245,Ind,26,male,family,9.3,496,30%,2.0,1,0.0,2022-11-02,30.0,1119.0
U1306,Uk,38,male,family,14.4,504,10%,4.0,0,12.99,2022-08-04,10.0,1209.0
U1560,Nigeria,38,unknown,premium,17.6,505,25%,4.0,0,0.0,,25.0,978.0
U1062,Usa,17,male,free,11.5,512,30%,2.0,1,7.99,2024-01-31,30.0,664.0
U1176,India,17,other,family,9.5,506,5%,3.0,0,9.99,2023-02-05,5.0,1024.0
U1058,Ind,47,male,family,7.2,495,0.1,3.0,0,7.99,2023-12-01,10.0,725.0
U1672,United Kingdom,35,other,student,11.3,481,30%,5.0,0,9.99,,30.0,978.0
U1333,South Africa,14,female,student,4.8,522,10%,3.0,0,5.0,2023-09-06,10.0,811.0
U1015,South Africa,30,unknown,student,4.3,500,10%,1.0,0,9.99,,10.0,978.0
U1595,Kenya,64,other,family,15.9,495,0.2,4.0,0,7.99,2023-02-14,20.0,1015.0
U1267,India,63,female,free,9.0,495,0.1,4.0,0,12.99,,10.0,978.0
U1650,South Africa,13,unknown,premium,9.0,524,25%,3.0,0,0.0,2022-07-02,25.0,1242.0
U1263,United Kingdom,57,male,family,13.9,491,0.1,4.0,1,7.99,2024-01-29,10.0,666.0
U1042,Ghana,40,male,premium,8.1,484,20%,3.0,0,7.99,2023-05-06,20.0,934.0
U1223,U.K.,38,unknown,student,5.8,484,30%,4.0,1,7.99,2022-04-05,30.0,1330.0
U1671,Usa,36,male,family,12.0,481,10%,2.0,0,7.99,2022-07-16,10.0,1228.0
U1302,India,53,female,student,13.5,481,10%,3.0,1,0.0,2022-11-07,10.0,1114.0
U1445,Ind,29,male,premium,14.2,508,ten,5.0,0,12.99,2022-07-12,20.0,1232.0
U1157,Ind,46,female,family,10.7,485,ten,4.0,0,9.99,,20.0,978.0
U1151,Usa,46,female,premium,8.9,546,10%,3.0,1,9.99,,10.0,978.0
U1544,United Kingdom,61,female,student,3.1,504,25%,5.0,0,7.99,,25.0,978.0
U1351,U.K.,56,male,premium,9.8,505,25%,3.0,1,12.99,2022-07-18,25.0,1226.0
U1142,Uk,26,unknown,family,7.1,505,20%,2.0,1,7.99,2022-02-10,20.0,1384.0
U1083,India,61,male,family,9.9,501,0.1,4.0,0,9.99,,10.0,978.0
U1367,United Kingdom,49,male,free,12.7,511,15%,1.0,0,7.99,,15.0,978.0
U1141,United Kingdom,33,male,premium,16.1,505,5%,3.0,1,7.99,,5.0,978.0
U1569,Ind,59,male,family,13.8,492,5%,3.0,0,5.0,,5.0,978.0
U1678,Nigeria,45,female,student,11.2,498,10%,3.0,1,0.0,2022-01-04,10.0,1421.0
U1577,India,64,male,premium,7.6,461,15%,1.0,0,9.99,,15.0,978.0
U1244,South Africa,34,unknown,free,5.8,496,0.1,3.0,0,7.99,2022-07-12,10.0,1232.0
U1539,Uk,16,unknown,family,0.8,496,10%,3.0,1,7.99,2022-11-08,10.0,1113.0
U1441,Usa,35,female,premium,3.4,499,ten,5.0,0,0.0,2023-04-03,20.0,967.0
U1619,Ind,13,male,premium,7.6,495,20%,4.0,1,9.99,2022-03-12,20.0,1354.0
U1627,Ind,42,unknown,premium,11.1,503,30%,5.0,0,7.99,2022-04-03,30.0,1332.0
U1087,Ghana,53,male,premium,4.4,497,0.2,4.0,0,7.99,2024-12-08,20.0,352.0
U1274,Uk,29,female,family,11.0,494,0.2,5.0,0,9.99,2024-06-09,20.0,534.0
U1475,Ind,49,male,student,13.9,480,30%,3.0,0,9.99,2024-03-12,30.0,623.0
U1550,Usa,26,male,premium,14.6,457,25%,3.0,0,7.99,2022-02-01,25.0,1393.0
U1105,Usa,31,male,student,8.0,556,0.2,3.0,0,7.99,2024-11-04,20.0,386.0
U1613,Kenya,32,female,family,16.4,495,10%,5.0,0,7.99,2022-12-07,10.0,1084.0
U1409,U.K.,13,female,student,16.5,519,0.2,3.0,0,0.0,2023-11-10,20.0,746.0
U1076,India,61,male,student,16.0,498,5%,3.0,0,0.0,,5.0,978.0
U1075,Nigeria,59,female,premium,4.1,506,25%,3.0,1,7.99,2022-08-03,25.0,1210.0
U1515,India,22,unknown,student,10.5,487,5%,3.0,0,9.99,2022-09-14,5.0,1168.0
U1072,U.K.,13,male,premium,9.4,492,15%,3.0,1,9.99,2022-12-18,15.0,1073.0
U1380,Uk,56,female,family,11.5,489,20%,5.0,1,0.0,2022-12-21,20.0,1070.0
U1204,South Africa,63,female,student,7.4,450,15%,3.0,0,12.99,2023-03-01,15.0,1000.0
U1507,India,48,male,free,10.2,482,15%,3.0,0,5.0,2023-07-04,15.0,875.0
U1435,Uk,52,male,student,13.9,471,0.2,3.0,0,9.99,2022-07-12,20.0,1232.0
U1212,Kenya,33,male,family,5.9,492,ten,2.0,1,12.99,2024-06-30,20.0,513.0
U1559,South Africa,33,male,family,8.5,507,15%,1.0,1,9.99,,15.0,978.0
U1093,Nigeria,40,male,student,9.8,460,0.1,5.0,0,12.99,2024-03-04,10.0,631.0
U1003,South Africa,44,unknown,student,11.8,525,5%,4.0,0,0.0,2022-11-01,5.0,1120.0
U1109,United Kingdom,21,female,family,16.1,497,0.2,3.0,0,9.99,,20.0,978.0
U1052,Ghana,25,male,student,12.7,467,0.2,5.0,0,7.99,,20.0,978.0
U1290,U.K.,59,male,premium,5.8,500,ten,4.0,0,5.0,,20.0,978.0
U1275,Brazil,51,other,student,8.1,484,ten,4.0,1,7.99,2023-04-06,20.0,964.0
U1138,Uk,35,other,student,11.4,500,25%,3.0,0,9.99,2023-01-19,25.0,1041.0
U1520,United Kingdom,35,male,student,8.9,464,0.1,4.0,1,0.0,2023-11-08,10.0,748.0
U1498,Ind,59,female,family,14.4,468,20%,1.0,0,9.99,2023-02-10,20.0,1019.0
U1227,Ind,38,female,student,6.6,551,5%,3.0,0,9.99,2023-05-06,5.0,934.0
U1464,United Kingdom,59,other,student,14.4,503,ten,4.0,1,9.99,2024-02-21,20.0,643.0
U1235,Nepal,38,unknown,premium,16.6,467,30%,3.0,0,9.99,,30.0,978.0
U1002,Brazil,57,male,family,7.4,524,15%,1.0,1,7.99,2024-07-10,15.0,503.0
U1135,Nepal,29,male,family,16.6,491,0.2,1.0,0,9.99,,20.0,978.0
U1018,Ind,61,female,student,11.3,486,0.1,3.0,0,7.99,2023-02-13,10.0,1016.0
U1669,India,13,other,family,4.1,505,ten,4.0,1,7.99,2023-05-22,20.0,918.0
U1280,Kenya,29,unknown,free,11.8,486,0.2,4.0,0,9.99,2023-12-15,20.0,711.0
U1413,Nigeria,20,female,free,15.0,505,10%,3.0,0,7.99,,10.0,978.0
U1209,Nigeria,40,other,student,4.5,520,5%,3.0,0,5.0,2022-03-16,5.0,1350.0
U1127,Uk,15,male,family,15.8,465,30%,4.0,1,7.99,,30.0,978.0
U1185,Ghana,63,female,premium,15.4,522,10%,3.0,0,0.0,2023-08-10,10.0,838.0
U1030,Usa,28,other,premium,4.8,522,5%,3.0,0,5.0,2023-04-01,5.0,969.0
U1309,Brazil,18,female,premium,12.8,476,30%,3.0,1,9.99,2023-09-04,30.0,813.0
U1417,India,26,male,free,7.9,495,0.2,2.0,0,9.99,,20.0,978.0
U1676,Brazil,15,female,premium,13.2,490,5%,2.0,0,5.0,2023-01-11,5.0,1049.0
U1238,Kenya,20,male,family,14.7,506,15%,3.0,0,12.99,2022-08-15,15.0,1198.0
U1019,U.K.,26,male,student,10.0,485,30%,3.0,0,0.0,,30.0,978.0
U1273,South Africa,51,female,premium,9.7,467,5%,4.0,1,0.0,,5.0,978.0
U1252,Ghana,57,female,premium,8.3,483,30%,3.0,0,7.99,2022-05-20,30.0,1285.0
U1330,Ind,36,unknown,family,7.8,503,5%,3.0,0,0.0,,5.0,978.0
U1449,Ind,26,male,student,10.8,495,ten,3.0,0,0.0,2023-04-01,20.0,969.0
U1463,South Africa,27,female,premium,11.6,509,20%,2.0,0,9.99,2023-12-30,20.0,696.0
U1556,Kenya,13,other,premium,5.8,490,25%,3.0,1,0.0,2024-09-03,25.0,448.0
U1395,Nigeria,47,male,premium,8.7,502,15%,4.0,0,5.0,2023-08-01,15.0,847.0
U1549,Brazil,41,unknown,student,17.7,498,ten,3.0,0,12.99,,20.0,978.0
U1269,Uk,37,female,student,12.0,456,5%,2.0,0,9.99,2022-05-11,5.0,1294.0
U1137,United Kingdom,59,unknown,family,7.5,538,10%,2.0,1,7.99,2024-04-21,10.0,583.0
U1381,United Kingdom,14,female,premium,13.8,522,25%,4.0,1,9.99,,25.0,978.0
U1131,Ind,56,other,premium,6.5,517,5%,2.0,0,7.99,,5.0,978.0
U1438,Nepal,63,other,premium,0.3,522,0.1,4.0,0,12.99,,10.0,978.0
U1329,Uk,48,male,student,9.7,530,ten,1.0,0,7.99,,20.0,978.0
U1104,Uk,22,female,premium,2.0,497,25%,5.0,0,9.99,2023-12-07,25.0,719.0
U1420,Usa,33,male,free,13.8,480,0.2,5.0,0,7.99,2023-11-08,20.0,748.0
U1155,India,39,female,premium,0.3,510,0.1,3.0,1,9.99,2024-07-03,10.0,510.0
U1377,India,17,male,free,12.4,488,5%,4.0,1,7.99,,5.0,978.0
U1679,United Kingdom,40,other,free,2.1,462,25%,1.0,0,7.99,2022-06-06,25.0,1268.0
U1095,Usa,17,female,free,5.7,472,0.2,4.0,0,0.0,2023-09-30,20.0,787.0
U1229,Uk,34,unknown,free,19.4,508,25%,1.0,0,7.99,2022-04-08,25.0,1327.0
U1111,South Africa,13,male,premium,14.0,475,25%,4.0,0,7.99,2023-11-05,25.0,751.0
U1296,Kenya,20,male,family,10.5,513,0.1,5.0,0,9.99,,10.0,978.0
U1455,Kenya,18,female,family,9.7,499,10%,3.0,1,0.0,2022-08-22,10.0,1191.0
U1481,Nepal,22,female,family,11.1,490,20%,4.0,0,12.99,2022-11-19,20.0,1102.0
U1693,Ghana,49,female,family,8.8,509,10%,3.0,1,7.99,2024-09-08,10.0,443.0
U1415,Ghana,53,male,student,5.8,506,30%,3.0,1,12.99,2022-11-23,30.0,1098.0
U1084,South Africa,25,male,free,14.3,492,30%,2.0,1,0.0,,30.0,978.0
U1680,Kenya,59,female,student,23.6,495,5%,2.0,1,5.0,2023-07-31,5.0,848.0
U1418,Uk,42,male,family,6.7,507,25%,5.0,0,0.0,2024-02-07,25.0,657.0
U1588,Kenya,29,male,family,8.7,530,10%,3.0,0,0.0,2024-05-04,10.0,570.0
U1667,Ghana,41,female,premium,14.4,512,0.2,4.0,0,9.99,2022-05-07,20.0,1298.0
U1584,United Kingdom,30,male,student,19.2,458,30%,4.0,0,7.99,2023-07-21,30.0,858.0
U1143,Ind,14,unknown,premium,10.2,518,10%,4.0,0,9.99,2024-03-03,10.0,632.0
U1524,Ind,55,male,premium,5.5,517,5%,4.0,0,0.0,,5.0,978.0
U1046,Kenya,48,female,free,1.0,562,30%,5.0,0,0.0,2022-02-06,30.0,1388.0
U1022,Nepal,13,female,family,7.8,498,30%,5.0,0,7.99,2022-05-12,30.0,1293.0
